source1_entity_id	candidate_entity_id
S1-76740440	S2-679156978
S1-29661695	S2-631994227
S1-652171268	S3-132394312
S1-591079835	S3-375990442
S1-496288380	S3-1352006
S1-638411138	S3-591420724
S1-850983521	S2-692305740
S1-612071387	S3-89753282
S1-77578799	S3-505112738
S1-282537195	S2-57099299
S1-580992307	S3-938870340
S1-162593001	S3-443312032
S1-168366893	S3-927298203
S1-261865426	S3-964948854
S1-393344546	S3-324660368
S1-693616794	S2-333333669
S1-397900824	S3-574804778
S1-713599256	S3-871190873
S1-824885867	S3-629000546
S1-182095922	S3-369885159
S1-128347375	S3-848225821
S1-505159867	S3-531477880
S1-344557977	S2-237548317
S1-215335896	S2-45923142
S1-511863452	S3-499842675
S1-319623651	S2-355734390
S1-313386776	S2-318583672
S1-764526188	S2-465189854
S1-791867209	S3-805705209
S1-227011208	S2-248982697
S1-889763196	S2-100266512
S1-815965324	S3-850294267
S1-451268621	S2-291358875
S1-499382294	S3-972269320
S1-42826659	S3-697310633
S1-860641883	S2-247002016
S1-784942211	S3-541930597
S1-163747087	S3-798193328
S1-235827905	S3-245041126
S1-995732992	S3-820996209
S1-777555607	S3-10840656
S1-777555607	S3-632142415
S1-835419677	S2-723613675
S1-597762257	S3-426660831
S1-78497462	S2-983751171
S1-692127788	S2-435061449
S1-68456921	S2-154545552
S1-327464495	S2-734781006
S1-852745202	S3-597588392
S1-278333058	S3-831425866
S1-748402456	S2-634348930
S1-948919422	S2-495836208
S1-37071617	S3-199597919
S1-764526188	S3-761161783
S1-304599971	S3-171504599
S1-979513513	S3-822534788
S1-402237262	S2-434645159
S1-476195607	S3-172884072
S1-52507682	S2-761485390
S1-895621536	S3-566727504
S1-209962563	S2-526138450
S1-622515318	S2-594570108
S1-424010232	S3-244010851
S1-288974022	S2-346109025
S1-572464827	S3-965156580
S1-842824149	S2-482460179
S1-752971281	S2-373119092
S1-802567407	S2-167783824
S1-820394674	S3-817289043
S1-299434720	S3-330665696
S1-503598780	S3-322929181
S1-655561682	S3-254135443
S1-385814048	S2-513756739
S1-308240187	S3-377116427
S1-65720315	S2-709491899
S1-912947277	S3-178991475
S1-15926090	S2-530376632
S1-740119573	S2-381343040
S1-697777760	S2-311525012
S1-41022735	S3-408943620
S1-609714937	S3-949480863
S1-650289478	S2-978927629
S1-618570184	S2-136216991
S1-285717388	S2-415935793
S1-448345019	S3-452820751
S1-174306760	S3-360070187
S1-536488324	S2-446366107
S1-454610602	S3-419929159
S1-988353353	S2-489160454
S1-582041644	S2-46725852
S1-20306842	S2-969480238
S1-770510917	S2-801328316
S1-766458019	S3-449535996
S1-518046279	S3-70008249
S1-171653159	S2-531915848
S1-108314429	S2-628035494
S1-752808975	S3-799837556
S1-802954685	S2-641496465
S1-802954685	S3-320568677
S1-654186623	S2-18595207
S1-383424767	S3-812021781
S1-438430300	S2-301818957
S1-317854633	S3-480047846
S1-42544670	S3-447434104
S1-58259520	S3-95232594
S1-565936968	S2-74180692
S1-876899003	S2-308086958
S1-294434057	S3-263713053
S1-33776427	S3-789583613
S1-367793476	S2-253699557
S1-804765937	S3-69625800
S1-57549624	S3-454756046
S1-402237262	S2-981803489
S1-402237262	S3-569214031
S1-417706840	S3-923893075
S1-335752330	S2-897778962
S1-685033000	S2-376288964
S1-348316765	S2-151257439
S1-960209734	S3-884600978
S1-829420372	S3-601412026
S1-47040385	S3-768039486
S1-176567267	S3-12316490
S1-654370336	S3-634633677
S1-832896346	S2-163900022
S1-915022305	S2-355615365
S1-164081713	S2-940155859
S1-47185754	S2-107282056
S1-967735640	S2-155233311
S1-337664430	S3-600072135
S1-23400040	S2-849866836
S1-810581309	S2-242906134
S1-942977436	S2-378743777
S1-941710375	S2-574660893
S1-210849781	S3-240268161
S1-359789353	S2-34829491
S1-385303865	S3-666294419
S1-203925563	S2-719558106
S1-606725408	S3-741068886
S1-494213110	S2-924236016
S1-234364027	S2-22374318
S1-293909320	S3-555025476
S1-457749209	S2-60785372
S1-777893958	S2-81673021
S1-100276333	S2-585615083
S1-388325812	S3-197262044
S1-722985117	S2-906320276
S1-468927772	S3-405141633
S1-754988004	S2-37186178
S1-365287517	S3-142422848
S1-786170207	S3-44389023
S1-716442915	S3-355978425
S1-525924487	S3-879399070
S1-815965324	S3-750235792
S1-451268621	S2-180924663
S1-943911835	S2-400862014
S1-120365256	S3-553986441
S1-273979066	S3-654214623
S1-683946842	S3-52074064
S1-740449041	S3-996454549
S1-153427223	S2-386480414
S1-218948566	S3-666592235
S1-169108778	S2-650989582
S1-52507682	S2-291898427
S1-422591448	S2-188512531
S1-11447650	S3-926821929
S1-965828930	S2-999632869
S1-831844659	S3-537003926
S1-12662811	S3-228132369
S1-691331021	S3-430354645
S1-748402456	S3-606056727
S1-868442664	S3-958378188
S1-630223771	S3-815538600
S1-842824149	S3-724039517
S1-866319841	S2-988550978
S1-15926090	S3-715069727
S1-885356254	S3-992795551
S1-954000499	S3-727425006
S1-964925471	S2-376123131
S1-297706124	S3-9062137
S1-407554487	S3-619134355
S1-932827505	S2-204169449
S1-691622069	S3-329341876
S1-893609958	S3-63293660
S1-235827905	S3-873245999
S1-900593758	S2-815104992
S1-84838337	S2-774689342
S1-269442618	S2-23476362
S1-889763196	S3-55607963
S1-451268621	S2-285497055
S1-451268621	S3-290983051
S1-845929181	S3-100270922
S1-261705265	S3-57882307
S1-360683127	S2-137685217
S1-222806068	S3-661189176
S1-877799141	S2-661088792
S1-486296456	S2-440266189
S1-153680800	S2-911948094
S1-728332269	S3-555239723
S1-518046279	S3-284109605
S1-281427928	S2-605544416
S1-91085118	S2-147057908
S1-97581850	S3-60652506
S1-224016706	S3-966691142
S1-239602289	S3-385015718
S1-546325650	S3-184513255
S1-924890137	S2-87579817
S1-455347168	S3-983030097
S1-771165668	S2-969551407
S1-221823648	S3-664166945
S1-411118345	S2-445476563
S1-377101770	S2-983462651
S1-328164935	S2-218946869
S1-2169715	S3-720040227
S1-524494649	S2-626557347
S1-824076722	S3-691802600
S1-633779655	S2-24729487
S1-630943609	S3-224849542
S1-429691516	S3-948989150
S1-130018504	S3-456998181
S1-692891261	S3-92202887
S1-456782592	S3-838082725
S1-674857487	S3-737612018
S1-611573336	S2-422607562
S1-331722877	S3-688199574
S1-720173062	S2-332450198
S1-378978603	S3-948532405
S1-606480359	S2-527210577
S1-305343094	S2-357291831
S1-901320541	S3-706416323
S1-114891444	S3-425101278
S1-894646020	S2-697318187
S1-324568151	S3-130596336
S1-558634684	S2-623955087
S1-383424767	S2-701668413
S1-568658968	S2-914164418
S1-513838109	S2-609546788
S1-246031930	S2-290521393
S1-332019466	S3-854745732
S1-75818960	S3-192324517
S1-952571031	S3-106480282
S1-994276304	S3-742983838
S1-156899942	S2-19895583
S1-367793476	S3-770171112
S1-277014552	S3-448296506
S1-23094221	S3-78675160
S1-606480359	S2-11895238
S1-85371827	S3-555874886
S1-925471453	S3-257705202
S1-597479687	S3-328161746
S1-316078576	S2-990081413
S1-739611320	S2-578701465
S1-626513532	S2-797018609
S1-385303865	S3-714744072
S1-448345019	S3-462678740
S1-921119146	S2-402138036
S1-217427623	S3-550682568
S1-414487608	S3-688536877
S1-449643256	S3-520258650
S1-510197667	S2-767033463
S1-502818456	S3-441983154
S1-928475010	S2-874798258
S1-873228324	S3-568802599
S1-648894561	S3-809239143
S1-642032166	S2-828796531
S1-42681495	S2-320595400
S1-936443037	S2-748685005
S1-543291404	S2-728000855
S1-884730424	S2-152752141
S1-304599971	S3-311838757
S1-440103564	S2-693317745
S1-66698016	S3-882155676
S1-511355563	S3-795427322
S1-6532344	S3-871070212
S1-519870557	S3-970856781
S1-151073973	S3-849299549
S1-810708354	S2-707367702
S1-41637391	S3-618462910
S1-566369712	S3-560356581
S1-200383237	S3-579284180
S1-545839168	S2-982077727
S1-908551239	S3-719062371
S1-961928336	S3-460414979
S1-26989708	S3-647539675
S1-693616794	S3-335097651
S1-532188526	S3-7804362
S1-238576208	S2-789984427
S1-203925563	S2-708565859
S1-630223771	S3-587424087
S1-261779770	S3-547868984
S1-941710375	S2-303088472
S1-184883568	S3-294093842
S1-457841498	S3-850237961
S1-261865426	S2-583769145
S1-866587933	S3-608209592
S1-335576235	S3-42549227
S1-827192137	S3-841593107
S1-851548503	S2-997379713
S1-584514719	S2-545059081
S1-629251592	S3-292803532
S1-403517648	S2-343686969
S1-87088260	S2-824937840
S1-706334875	S2-141568901
S1-780317817	S3-203900073
S1-286406115	S3-344352310
S1-716911580	S2-150775387
S1-208973592	S3-931413846
S1-332272663	S2-796246024
S1-867874591	S2-275890016
S1-796253980	S3-637700877
S1-521374394	S2-702570252
S1-211820155	S3-497634068
S1-341939498	S3-178178757
S1-764526188	S3-787183066
S1-684505968	S3-300894176
S1-942104958	S3-915116552
S1-942104958	S3-887375431
S1-503598780	S2-47412348
S1-458365510	S3-860920917
S1-805549305	S2-713726449
S1-418361061	S2-779671915
S1-497653195	S2-514118622
S1-161700708	S2-649652883
S1-292766321	S3-892376483
S1-724291976	S3-784538650
S1-755560611	S3-561931923
S1-745839307	S3-218169504
S1-471490066	S2-736742458
S1-471490066	S2-741362274
S1-706817236	S3-871930419
S1-643318152	S2-276570121
S1-508306248	S2-736349205
S1-31920944	S2-201252032
S1-137046510	S2-71394015
S1-153136041	S2-994726900
S1-387694500	S3-9126403
S1-748234427	S3-229526943
S1-78762900	S2-157616221
S1-1791086	S2-669481676
S1-707035135	S3-424080870
S1-236963798	S2-111203101
S1-514562418	S3-741382961
S1-903445032	S2-689432168
S1-476945809	S3-700401604
S1-893609958	S3-90868895
S1-1727907	S2-663675272
S1-85236080	S2-982611705
S1-776446727	S2-291977082
S1-562155757	S2-826430124
S1-511355563	S2-413889574
S1-611958238	S2-940781917
S1-405521342	S2-716592306
S1-4769263	S3-900839647
S1-832133442	S3-170655602
S1-764993784	S2-724647958
S1-642032166	S2-378520854
S1-284710338	S3-215858960
S1-587107442	S2-664925321
S1-392566689	S3-117144804
S1-664239711	S2-334238753
S1-15926090	S3-221831553
S1-575449189	S3-907178399
S1-706274174	S2-459222556
S1-706274174	S3-636680282
S1-566143634	S2-280387127
S1-746193689	S3-216442734
S1-630223771	S3-697578371
S1-786497576	S2-787350941
S1-658151638	S2-538524338
S1-775361341	S3-445453666
S1-499000640	S2-910589173
S1-300211684	S2-914769629
S1-669413769	S2-805282132
S1-847149133	S3-31222890
S1-873228324	S2-142089535
S1-410040347	S3-186997268
S1-838780973	S3-217700489
S1-440889960	S3-131205388
S1-936853964	S2-688776981
S1-358618259	S3-270180570
S1-437908048	S3-913525826
S1-856710782	S3-584218851
S1-828302204	S2-925664698
S1-846771019	S2-656749673
S1-680937376	S3-431857161
S1-625308695	S2-504096257
S1-704479363	S2-566623741
S1-548377191	S3-283922252
S1-418361061	S3-402482459
S1-168366893	S2-353720672
S1-584514719	S2-895747678
S1-119458643	S2-957059838
S1-682877189	S2-866379909
S1-898279595	S2-72739055
S1-898279595	S3-9435354
S1-627406325	S2-990016149
S1-376090634	S3-929349063
S1-594125530	S3-872987423
S1-648894561	S3-792976560
S1-267736961	S3-555494719
S1-387519977	S2-821454348
S1-239986792	S2-615936168
S1-634406086	S3-957937596
S1-536948776	S2-376450162
S1-378245327	S2-525888317
S1-867883902	S3-270189256
S1-784942211	S3-65363862
S1-209922971	S3-39024158
S1-176496041	S2-418697003
S1-341939498	S3-572192293
S1-153348996	S2-834580086
S1-862752083	S2-763772861
S1-979513513	S2-878127576
S1-692594454	S2-312050097
S1-992030929	S2-789447975
S1-867567957	S2-378390103
S1-651584988	S3-815728505
S1-426267364	S2-380593256
S1-550551866	S3-797648629
S1-693616794	S3-452228381
S1-42596820	S3-810444824
S1-11246184	S3-973887609
S1-290362235	S2-341354004
S1-451998438	S2-766246412
S1-829983869	S3-260788533
S1-611361090	S2-858057973
S1-268426904	S3-753500447
S1-635787940	S3-192610774
S1-91085118	S2-581064933
S1-555751497	S2-781225500
S1-163077720	S2-906538643
S1-71172417	S3-806740086
S1-258462846	S3-68171316
S1-933440839	S2-230954310
S1-793019850	S2-565838685
S1-996519152	S2-710580629
S1-676559541	S3-734650472
S1-501073561	S3-451238808
S1-186748283	S2-665351226
S1-405074253	S3-879445509
S1-159181040	S3-775261896
S1-872302647	S3-56614947
S1-120433302	S2-44772905
S1-220550575	S3-649465718
S1-198222016	S2-138307084
S1-886116894	S3-690261725
S1-930231904	S2-304709762
S1-919952138	S3-166354776
S1-548228684	S2-431924325
S1-227546659	S3-862488879
S1-650106134	S2-264030809
S1-199459184	S3-17922063
S1-979153386	S2-223712261
S1-324353196	S3-112168849
S1-338830003	S3-607853162
S1-997284925	S3-166577804
S1-975229569	S3-603710587
S1-163747087	S3-302914388
S1-434802827	S2-869088151
S1-878244571	S2-688518934
S1-497653195	S2-360967629
S1-134789038	S3-584851816
S1-589023121	S2-203414716
S1-535605149	S2-751164711
S1-128347375	S3-507291376
S1-677741106	S2-148794360
S1-608781404	S3-894529092
S1-233040222	S3-946248914
S1-919196591	S2-203393822
S1-864241690	S2-145490232
S1-148353436	S3-810596685
S1-522846216	S3-847302854
S1-593999035	S3-998647516
S1-449095812	S2-115107205
S1-800072803	S2-34410442
S1-78994254	S3-536426107
S1-193567668	S3-731768889
S1-930984906	S3-861801469
S1-168182736	S3-404819021
S1-235461034	S2-416139971
S1-889785911	S3-378154027
S1-652171268	S3-535449587
S1-464518977	S2-558613710
S1-756412192	S3-18370134
S1-692127788	S3-660351010
S1-298079106	S3-510118495
S1-947431711	S3-47883319
S1-982950958	S2-523560685
S1-328688637	S3-399887
S1-160707106	S2-891498098
S1-47138044	S2-737801677
S1-380738770	S2-905662879
S1-966218415	S2-383819335
S1-380619529	S3-399790825
S1-348316765	S3-167411205
S1-745839307	S2-148602546
S1-684460528	S2-275763662
S1-596589446	S2-5710680
S1-162875698	S3-670917147
S1-815441395	S2-990802487
S1-304962344	S2-539121098
S1-916773322	S3-254017158
S1-755560611	S2-703933888
S1-755560611	S3-641030999
S1-533761248	S2-132018589
S1-202685045	S2-540808723
S1-805336245	S2-737006151
S1-560224154	S2-504839313
S1-475018237	S3-865806928
S1-964198931	S2-138068664
S1-723616302	S2-114941085
S1-265276030	S3-128107737
S1-451268621	S3-579470913
S1-768899550	S2-911203096
S1-768899550	S3-224754848
S1-477242620	S2-544591609
S1-555191033	S3-678508327
S1-338840619	S2-711927056
S1-949211377	S2-664253999
S1-587107442	S2-734571558
S1-683946842	S2-942371370
S1-305343094	S3-695431554
S1-439105833	S2-209467688
S1-866319841	S3-987707404
S1-519976261	S3-43968432
S1-333358493	S3-789709691
S1-873914076	S3-56154787
S1-296658329	S3-412850205
S1-758075760	S3-449179044
S1-654544499	S3-97170646
S1-747719380	S3-758532782
S1-39641619	S3-245091850
S1-405074253	S3-180820413
S1-342431665	S2-323217960
S1-342757837	S2-29918349
S1-357989017	S2-636808167
S1-755032725	S2-254730812
S1-56629354	S2-592774385
S1-512951493	S3-74273549
S1-254246053	S2-129919117
S1-734467842	S2-254328326
S1-791488058	S2-887811906
S1-394340130	S2-802580138
S1-927386238	S3-112445729
S1-727765247	S3-714412718
S1-954357377	S3-68749855
S1-151277938	S2-355605765
S1-800482427	S3-355590735
S1-581017555	S3-941305634
S1-715402493	S3-516444256
S1-692127788	S3-741378949
S1-736787132	S2-498104790
S1-320732032	S3-442804724
S1-674055153	S2-80076663
S1-138330900	S3-98814519
S1-641579109	S2-196228165
S1-418678020	S3-389602265
S1-725151419	S3-297656535
S1-96001455	S3-520547036
S1-933384875	S3-773914201
S1-932827505	S3-159129859
S1-400717175	S2-827751631
S1-80960427	S2-114199102
S1-320649261	S3-354992832
S1-796794939	S3-419391491
S1-549896019	S2-456453826
S1-610162639	S2-608843231
S1-126927804	S3-773054197
S1-876899003	S2-101728052
S1-948062742	S3-29674604
S1-196578854	S2-955548630
S1-279916985	S2-627641408
S1-552658307	S3-660932884
S1-117954160	S2-641059184
S1-60991785	S2-714609023
S1-987010400	S2-140661931
S1-175633133	S3-82838739
S1-892233306	S3-970346474
S1-494028959	S2-451307096
S1-6374980	S2-742527409
S1-320108498	S3-624724605
S1-803590345	S2-719870548
S1-379692908	S3-954603323
S1-760888492	S3-268745505
S1-428098138	S3-37650614
S1-279028557	S3-777514937
S1-465331031	S3-613635378
S1-683946842	S3-149722231
S1-973738537	S3-393414047
S1-248501128	S3-701568976
S1-519976261	S2-420870053
S1-711149797	S2-138053872
S1-320732032	S3-279891399
S1-678830008	S3-713716465
S1-908551239	S2-788299668
S1-908551239	S2-225415982
S1-898630961	S2-503875679
S1-715402493	S3-732554142
S1-995572998	S3-727955120
S1-166433106	S3-793394881
S1-429691516	S3-729682539
S1-75818960	S3-146164811
S1-725151419	S2-255387038
S1-373080792	S2-906159337
S1-212332469	S3-464856771
S1-398216457	S2-120419181
S1-999023589	S2-137990607
S1-655727717	S3-923068835
S1-238331147	S2-667940175
S1-203925563	S3-613575535
S1-221644615	S3-126257447
S1-335576235	S2-757956582
S1-992538093	S2-467447273
S1-902188196	S3-277759335
S1-680760019	S2-27574789
S1-931077592	S3-66060579
S1-122907961	S3-151081521
S1-192763800	S2-57500772
S1-775361341	S2-27619123
S1-155228361	S2-83805439
S1-294953594	S2-336312941
S1-272789094	S3-282291001
S1-614982217	S2-84246941
S1-609714937	S3-818472217
S1-581924464	S2-327483090
S1-650289478	S3-741654749
S1-263481527	S2-809807183
S1-242059179	S3-370037764
S1-56520129	S3-178053264
S1-785336105	S3-160211497
S1-912858680	S3-419436439
S1-248501128	S3-904930199
S1-642277127	S3-291671794
S1-236529471	S2-555321501
S1-609062608	S3-420083497
S1-784942211	S2-700988535
S1-535936959	S3-243767230
S1-968882536	S3-419544624
S1-654544499	S2-225960885
S1-830371097	S3-890753223
S1-560567082	S3-634335773
S1-714922663	S3-253134787
S1-486816598	S3-72537341
S1-764526188	S3-749010229
S1-472910122	S3-730934821
S1-921220291	S3-536203568
S1-98579303	S3-690119410
S1-335576235	S2-976123764
S1-191024261	S3-77218190
S1-129409679	S3-354134985
S1-252242682	S2-84842746
S1-449643256	S3-463040798
S1-50821480	S2-265833219
S1-780331711	S3-5305839
S1-212332469	S3-71152719
S1-537121104	S3-77732141
S1-20679780	S3-354586828
S1-639113964	S3-162016364
S1-823546667	S2-78487028
S1-193567668	S3-431555947
S1-829348020	S2-708805610
S1-648674437	S2-219572257
S1-205432256	S3-139336736
S1-353027107	S3-176088935
S1-725151419	S3-107648369
S1-854246466	S2-435377937
S1-838780973	S3-80980247
S1-584514719	S3-370855164
S1-775361341	S2-279754775
S1-591601241	S2-671333742
S1-526606899	S3-753775148
S1-511355563	S3-995810011
S1-828302204	S3-673341637
S1-274128166	S2-192403380
S1-416326893	S2-118524676
S1-166915246	S3-116326580
S1-586998165	S3-909041201
S1-966218415	S3-90840365
S1-893159896	S2-606959757
S1-387694500	S3-77197957
S1-857484364	S3-946319290
S1-881950049	S3-289454333
S1-467198990	S3-367123111
S1-301967281	S2-412974580
S1-875631699	S3-977211575
S1-753671400	S3-413729955
S1-368348061	S3-656890408
S1-815745575	S3-519719220
S1-529589203	S2-57317286
S1-529589203	S3-500556500
S1-154857097	S2-413875503
S1-5421384	S2-366389228
S1-168366893	S3-652487184
S1-798361803	S3-89012585
S1-471010861	S3-265087895
S1-716917585	S2-193521647
S1-224729402	S3-865761077
S1-925404217	S3-243436084
S1-751888247	S2-297932398
S1-10935410	S2-241750284
S1-473599837	S3-224883641
S1-54095608	S2-231413501
S1-697777760	S2-291889468
S1-752824899	S3-940889429
S1-411118345	S3-361674516
S1-171137788	S3-588281488
S1-936989032	S2-935280804
S1-239986792	S3-705961678
S1-621597210	S3-369253880
S1-582702190	S2-480917240
S1-409356989	S3-959169358
S1-974356821	S3-791926910
S1-766866439	S3-498348336
S1-85371827	S2-805468696
S1-193567668	S3-474495984
S1-676559541	S3-188845035
S1-896142542	S2-466725563
S1-544279537	S2-336683368
S1-683946842	S2-392298204
S1-692873580	S3-392586521
S1-763496609	S3-510672652
